Audi,BMW,Chrysler,Ford,GMC,Honda,Nissan,Toyota
combo,screen,swaybar,drivelin,transaxl,slippag,powertrain,clunk
substanti,display,disloc,shutter,allison,judder,vq,driveshaft
pound,messag,substandard,electri,harsh,propuls,pinto,sensat
williamsvil,cumul,drivelin,train,slippag,ping,ncvt,thump
pc,idriv,rive,transaxl,ntransmiss,shutter,hesitak,friction
plainfield,train,tooth,whine,readout,whin,void,shudder
worsen,maximum,cambria,transmit,nar,flutter,enhanc,instabl
brighton,eng,dohc,dps,clatter,cvt,dissolv,differenti
chunk,moder,assi,uniqu,dramat,gearbox,valvetrain,clank
lincoln,tpm,te,powertrain,race,dynam,nreplac,whine
